-- ============================================================================
-- PASPAS ERP — Canlı veri tabanı import (2026-04-17 20:02)
-- Kaynak: db_backup_20260417_2002.sql
-- Tablolar: categories, sub_categories, kaliplar, makineler,
--           kalip_uyumlu_makineler, hafta_sonu_planlari,
--           urunler, urun_operasyonlari, urun_birim_donusumleri, urun_medya,
--           receteler, recete_kalemleri
-- ============================================================================
SET NAMES utf8mb4;
SET time_zone = '+00:00';
SET FOREIGN_KEY_CHECKS = 0;

INSERT IGNORE INTO `categories` VALUES ('c0000001-0000-4000-8000-000000000001','urun','Urun','urun','Nihai mamul urunler. Operasyon tipi ve uretim planlama alanlari kullanilir.',NULL,NULL,NULL,NULL,1,1,0,0,10,NULL,NULL,'takim','URN',0,'uretim',1,1,'tek_tarafli','2026-03-18 19:05:41.379','2026-03-18 19:05:41.379'),('c0000001-0000-4000-8000-000000000002','yarimamul','Yarimamul','yarimamul','Uretim icinde kullanilan ara urunler. Varsayilan olarak tek operasyon mantigi uygulanir.',NULL,NULL,NULL,NULL,1,1,0,0,20,NULL,NULL,'adet','YM',1,'uretim',1,0,NULL,'2026-03-18 19:05:41.379','2026-03-18 19:05:41.379'),('c0000001-0000-4000-8000-000000000003','hammadde','Hammadde','hammadde','Satın alma veya fason teminli hammadde girdileri. Uretim operasyon alanlari kullanilmaz.',NULL,NULL,NULL,NULL,1,1,0,0,30,NULL,NULL,'kg','HM',1,'satin_alma',0,0,NULL,'2026-03-18 19:05:41.379','2026-03-18 19:05:41.379');
INSERT IGNORE INTO `hafta_sonu_planlari` VALUES ('d14bf71c-c963-4e46-b33e-92504125c9ec','2026-04-11','07861c56-b21a-4129-8024-779750d921f6',1,0,NULL,'2026-04-09 14:49:53','2026-04-09 14:49:53',NULL),('dfe91899-cfbd-4966-9243-b2fa3ba41b95','2026-04-11','m0000001-0000-4000-8000-000000000001',1,0,NULL,'2026-04-09 14:49:53','2026-04-09 14:49:53',NULL),('eaf776b7-ca19-43ab-b87b-52307d16d737','2026-04-11','08f106ba-2754-4ba5-a733-ab652803c044',1,0,NULL,'2026-04-09 14:49:53','2026-04-09 14:49:53',NULL);
INSERT IGNORE INTO `kalip_uyumlu_makineler` VALUES ('0e93f5b7-a158-4f39-ba5e-facb916f2cc6','21fba37e-8d14-4031-9cf9-be60c1ad6a85','08f106ba-2754-4ba5-a733-ab652803c044','2026-03-25 07:25:35'),('14399382-e2db-49e9-8e01-2f46f117770c','d478f6e6-cf4e-4f16-b3fa-b01e8f2a184f','07861c56-b21a-4129-8024-779750d921f6','2026-03-25 07:25:42'),('1c4b6279-cf3f-4680-ae1f-1aff21f83ac1','4edf94ed-cec8-4792-ad53-706c501b2064','08f106ba-2754-4ba5-a733-ab652803c044','2026-03-25 07:25:35'),('1c56850e-63fa-4ef7-87c2-575cf0c210ec','e4bf8492-a2d8-43e7-9502-25ba609f9647','08f106ba-2754-4ba5-a733-ab652803c044','2026-03-25 07:25:35'),('2de898b1-60f8-4584-833a-f8d97b76933a','8c4aaf6a-5585-4401-ad10-3ec6ee52e408','07861c56-b21a-4129-8024-779750d921f6','2026-03-25 07:25:42'),('60a36b24-4c64-4981-a645-9a338718cf39','d80a5e12-4046-4986-a1c9-69794b109b81','08f106ba-2754-4ba5-a733-ab652803c044','2026-03-25 07:25:35'),('67cfa25b-6b47-46fd-b1fc-cce2cf7a311a','b0c012e3-5198-4a1c-9a87-fdc9bf47c764','07861c56-b21a-4129-8024-779750d921f6','2026-03-25 07:25:42'),('93962fb5-a816-4894-9296-211865a5e5c5','4edf94ed-cec8-4792-ad53-706c501b2064','07861c56-b21a-4129-8024-779750d921f6','2026-03-25 07:25:42'),('986c6950-0f7a-42b8-b09f-97b5fce4c6ea','8c4aaf6a-5585-4401-ad10-3ec6ee52e408','08f106ba-2754-4ba5-a733-ab652803c044','2026-03-25 07:25:35'),('a8e6af73-9d8e-4308-9d78-076718793b94','21fba37e-8d14-4031-9cf9-be60c1ad6a85','07861c56-b21a-4129-8024-779750d921f6','2026-03-25 07:25:42'),('d1ff48fe-cfcc-4535-ab37-c2a87f5773b4','e4bf8492-a2d8-43e7-9502-25ba609f9647','07861c56-b21a-4129-8024-779750d921f6','2026-03-25 07:25:42'),('d5c55b47-183d-4d1f-b434-820c3f6bddb7','d80a5e12-4046-4986-a1c9-69794b109b81','07861c56-b21a-4129-8024-779750d921f6','2026-03-25 07:25:42'),('d631e08c-ccb1-4016-aa58-133226e6d4d1','b0c012e3-5198-4a1c-9a87-fdc9bf47c764','08f106ba-2754-4ba5-a733-ab652803c044','2026-03-25 07:25:35'),('f406e84a-7b1e-4b32-b7eb-e0eaaf55c373','d478f6e6-cf4e-4f16-b3fa-b01e8f2a184f','08f106ba-2754-4ba5-a733-ab652803c044','2026-03-25 07:25:35');
INSERT IGNORE INTO `kaliplar` VALUES ('21fba37e-8d14-4031-9cf9-be60c1ad6a85','1119-L','Gmax Vector SOL Kalıp',NULL,1,'2026-03-25 07:21:56','2026-03-25 07:21:56'),('4edf94ed-cec8-4792-ad53-706c501b2064','1134-R','Leader Modern SAĞ Kalıp',NULL,1,'2026-03-25 07:20:20','2026-03-25 07:20:20'),('8c4aaf6a-5585-4401-ad10-3ec6ee52e408','1112-L','Maximum SOL Kalıp','Maximum Sol (Şoför) tarafı',1,'2026-03-24 14:32:50','2026-03-24 14:35:12'),('b0c012e3-5198-4a1c-9a87-fdc9bf47c764','1119-R','Gmax Vector SAĞ Kalıp',NULL,1,'2026-03-25 07:22:24','2026-03-25 07:22:24'),('d478f6e6-cf4e-4f16-b3fa-b01e8f2a184f','1103-X','Başak Kalıbı',NULL,1,'2026-03-25 07:23:57','2026-03-25 07:23:57'),('d80a5e12-4046-4986-a1c9-69794b109b81','1134-L','Leader Modern SOL Kalıp',NULL,1,'2026-03-25 07:19:44','2026-03-25 07:19:44'),('e4bf8492-a2d8-43e7-9502-25ba609f9647','1112-R','Maximum-Profesyonel SAĞ Kalıp','Maximum Sağ (Yolcu) tarafı\nProfesyonel Sağ (Yolcu) tarafı',1,'2026-03-24 14:34:45','2026-03-24 14:34:45');
INSERT IGNORE INTO `makineler` VALUES ('07861c56-b21a-4129-8024-779750d921f6','ENJ-01','Haitian Ma 2',900.00,NULL,1,'aktif',1,'2026-03-24 14:30:25','2026-03-25 07:25:42'),('08f106ba-2754-4ba5-a733-ab652803c044','ENJ-02','Haitian Ma 5',900.00,NULL,1,'aktif',1,'2026-03-24 14:31:07','2026-03-25 07:25:35'),('m0000001-0000-4000-8000-000000000001','EKS-01','Ekstrüzyon Hattı 1 (PVC)',NULL,150.00,1,'aktif',1,'2026-03-18 19:05:36','2026-03-18 19:05:36');
INSERT IGNORE INTO `recete_kalemleri` VALUES ('031bf06e-b97d-4635-aad8-532bf3790d55','a53f7fb7-0db7-43c0-84ec-aa269672eb15','bb3712fe-78db-4856-b3e5-a3900185cc10',0.1111,0.00,2,'2026-03-25 07:50:14','2026-03-25 07:50:14'),('100abd79-7f29-4cc8-823b-c5e4f1e0f044','a53f7fb7-0db7-43c0-84ec-aa269672eb15','5255d6ce-460e-49b8-b74d-1226f6cb1062',1.0000,0.00,1,'2026-03-25 07:50:14','2026-03-25 07:50:14'),('1035e6c4-6683-47b3-84b5-2e3a129d9334','731f15d8-6c95-4e71-a867-3a02124b934a','6c6c5871-5b33-4682-994e-4400c098a925',1.0000,0.00,1,'2026-04-11 16:07:03','2026-04-11 16:07:03'),('1f216ae6-fec9-4ef6-b885-8937aad178f3','e4b26b9b-1e07-428f-9d57-87b316d3b68d','80af3331-eb49-464f-8100-c6138d0ac448',0.2000,0.00,2,'2026-03-25 08:35:31','2026-03-25 08:35:31'),('27d6a59f-1262-4a4f-a073-370a047a7f4c','d57862eb-e9ff-449f-9f46-1443796836c3','1bfed6af-8c06-4f12-a2c7-a69ef420b4f0',1.0000,0.00,1,'2026-03-25 07:54:02','2026-03-25 07:54:02'),('2fc34180-8c77-4c3c-9de1-920261054d5f','d57862eb-e9ff-449f-9f46-1443796836c3','8d4470c1-e19b-4615-836e-50f2abc8194e',0.1667,0.00,2,'2026-03-25 07:54:02','2026-03-25 07:54:02'),('4df80900-119f-4952-b7c8-f0e2523324be','e4b26b9b-1e07-428f-9d57-87b316d3b68d','695d16ad-b8ee-43c0-8cfa-006844060030',1.0000,0.00,1,'2026-03-25 08:35:31','2026-03-25 08:35:31'),('5506ac34-3a29-49fb-befd-94d4dceb7116','731f15d8-6c95-4e71-a867-3a02124b934a','80af3331-eb49-464f-8100-c6138d0ac448',0.2000,0.00,2,'2026-04-11 16:07:03','2026-04-11 16:07:03'),('695b7597-b893-4878-bac9-ba2023fd2efc','078a5908-86f8-4954-b9b9-5f0de9b64913','1bfed6af-8c06-4f12-a2c7-a69ef420b4f0',1.0000,0.00,1,'2026-03-25 07:55:04','2026-03-25 07:55:04'),('75277f9f-94fb-48b6-80ee-97197d78db13','449e7d35-d3d9-47d2-9e38-c6c8f86e1716','80af3331-eb49-464f-8100-c6138d0ac448',0.2000,0.00,2,'2026-03-25 08:34:21','2026-03-25 08:34:21'),('9224a043-3fa9-4c98-9eb2-50bfb8594c8f','b907b896-9fb5-4f20-aad4-f8c8be11c29a','80af3331-eb49-464f-8100-c6138d0ac448',0.2000,0.00,2,'2026-04-07 07:14:03','2026-04-07 07:14:03'),('96060fa7-ee56-4b73-9f5c-5adadd115262','078a5908-86f8-4954-b9b9-5f0de9b64913','8d4470c1-e19b-4615-836e-50f2abc8194e',0.1666,0.00,2,'2026-03-25 07:55:04','2026-03-25 07:55:04'),('a1eff411-9da4-46d0-a83c-493e2f593e82','7cffb077-23cf-4e2c-b8ae-0e3f348fbec0','80af3331-eb49-464f-8100-c6138d0ac448',0.2000,0.00,2,'2026-03-25 08:35:05','2026-03-25 08:35:05'),('a9f937cf-936c-4fe8-95ec-5a58a3997e92','2699cb0d-e574-4141-9803-83dc32a9094d','8d4470c1-e19b-4615-836e-50f2abc8194e',0.1667,0.00,2,'2026-03-25 07:51:57','2026-03-25 07:51:57'),('b3d4d2fe-197d-4ade-bf75-0d0b5ec01508','449e7d35-d3d9-47d2-9e38-c6c8f86e1716','695d16ad-b8ee-43c0-8cfa-006844060030',1.0000,0.00,1,'2026-03-25 08:34:21','2026-03-25 08:34:21'),('c4b93298-2e82-43c9-8f44-090a4fe28fd0','b907b896-9fb5-4f20-aad4-f8c8be11c29a','723661d6-d63e-4227-8b5a-1d1c084c7370',1.0000,0.00,1,'2026-04-07 07:14:03','2026-04-07 07:14:03'),('cf0ff1ad-6481-4a47-944a-9ef90bcedec1','2699cb0d-e574-4141-9803-83dc32a9094d','1bfed6af-8c06-4f12-a2c7-a69ef420b4f0',1.0000,0.00,1,'2026-03-25 07:51:57','2026-03-25 07:51:57'),('eea497c0-d781-4e4b-ad14-630aa9d061f2','7cffb077-23cf-4e2c-b8ae-0e3f348fbec0','695d16ad-b8ee-43c0-8cfa-006844060030',1.0000,0.00,1,'2026-03-25 08:35:05','2026-03-25 08:35:05');
INSERT IGNORE INTO `receteler` VALUES ('078a5908-86f8-4954-b9b9-5f0de9b64913','RCT-1134 103','MODERN BEJ Reçetesi','7d03546a-e5ab-4fe0-8a55-a667f2183e86',NULL,1.0000,1,'2026-03-25 07:55:04','2026-03-25 07:55:04'),('2699cb0d-e574-4141-9803-83dc32a9094d','RCT-1134 101','MODERN SİYAH Reçetesi','92852e9c-7b30-4df1-8c2c-428ce278afa0',NULL,1.0000,1,'2026-03-25 07:51:40','2026-03-25 07:51:40'),('449e7d35-d3d9-47d2-9e38-c6c8f86e1716','RCT-1119 103','VECTOR BEJ Reçetesi','ad6f801e-d3c0-43fa-8443-d18b7e711c77',NULL,1.0000,1,'2026-03-25 08:34:21','2026-03-25 08:34:21'),('731f15d8-6c95-4e71-a867-3a02124b934a','RCT-1112 101','MAXIMUM SİYAH Reçetesi','8d90dbf5-157d-4ae7-b5b0-ac75950abfb6',NULL,1.0000,1,'2026-04-11 16:07:03','2026-04-11 16:07:03'),('7cffb077-23cf-4e2c-b8ae-0e3f348fbec0','RCT-1119 102','VECTOR GRİ Reçetesi','33026213-d333-42ec-a098-ed669ff2dc38',NULL,1.0000,1,'2026-03-25 08:35:05','2026-03-25 08:35:05'),('a53f7fb7-0db7-43c0-84ec-aa269672eb15','RCT-1103 101','BAŞAK SİYAH Reçetesi','f93ca1cf-90cb-4830-9ffa-5e03e0bee293',NULL,1.0000,1,'2026-03-25 07:50:14','2026-03-25 07:50:14'),('b907b896-9fb5-4f20-aad4-f8c8be11c29a','RCT-1112 104','MAXIMUM SİYAH - PND Reçetesi','31a1bc6c-f39c-466b-8fcb-e0262fbfc792',NULL,1.0000,1,'2026-04-07 07:13:48','2026-04-07 07:13:48'),('d57862eb-e9ff-449f-9f46-1443796836c3','RCT-1134 102','MODERN GRİ Reçetesi','28aace65-d2dd-4435-940f-2c691f29f7fe',NULL,1.0000,1,'2026-03-25 07:54:02','2026-03-25 07:54:02'),('e4b26b9b-1e07-428f-9d57-87b316d3b68d','RCT-1119 101','VECTOR SİYAH Reçetesi','91e66ad2-ebf6-4e46-8c2f-76f129a355ba',NULL,1.0000,1,'2026-03-25 08:35:31','2026-03-25 08:35:31');
INSERT IGNORE INTO `sub_categories` VALUES ('1b887773-239a-4c20-85e4-2d64f8da75fa','c0000001-0000-4000-8000-000000000001','Zincir','Zincir',NULL,NULL,NULL,NULL,NULL,1,0,1,0,'2026-03-25 06:05:10.333','2026-03-25 06:05:10.333'),('2315ce65-aae1-4e59-90d1-439544c0d998','c0000001-0000-4000-8000-000000000002','Kartela','Kartela',NULL,NULL,NULL,NULL,NULL,1,0,1,0,'2026-03-25 06:04:30.692','2026-03-25 06:04:30.692'),('69a9a131-f561-452a-98ba-101183054f34','c0000001-0000-4000-8000-000000000002','Koli','Koli',NULL,NULL,NULL,NULL,NULL,1,0,1,0,'2026-03-25 06:04:41.368','2026-03-25 06:04:41.368'),('6a6f8fcf-0dd1-427b-a27c-749ef733aef1','c0000001-0000-4000-8000-000000000002','Granül','granul',NULL,NULL,NULL,NULL,NULL,1,0,1,0,'2026-03-31 13:13:27.052','2026-03-31 13:13:27.052'),('7714ade0-22fd-11f1-9dc8-525400a0bcd9','c0000001-0000-4000-8000-000000000001','Paspas','paspas',NULL,NULL,NULL,NULL,NULL,1,0,1,10,'2026-03-18 19:05:44.501','2026-03-18 19:05:44.501'),('7719bef3-22fd-11f1-9dc8-525400a0bcd9','c0000001-0000-4000-8000-000000000003','Granül','granl',NULL,NULL,NULL,NULL,NULL,1,0,1,10,'2026-03-18 19:05:44.543','2026-03-25 06:05:33.163'),('771c4b9c-22fd-11f1-9dc8-525400a0bcd9','c0000001-0000-4000-8000-000000000003','Boya','boya',NULL,NULL,NULL,NULL,NULL,1,0,1,20,'2026-03-18 19:05:44.559','2026-03-18 19:05:44.559'),('c0b6901c-e59a-4bd0-8a5a-a5d03e6b0d02','c0000001-0000-4000-8000-000000000002','İç Kutu','i-c-kutu',NULL,NULL,NULL,NULL,NULL,1,0,1,0,'2026-03-25 06:35:52.459','2026-03-25 06:35:52.459');
INSERT IGNORE INTO `urun_birim_donusumleri` VALUES ('00f5da51-6511-4e29-87ae-e6328ec50a31','9ac1a10d-8dd3-4551-9aed-283188c80258','koli',6.0000,'2026-03-23 14:53:27'),('02d76f46-454d-49b9-a0c3-1253f27536cc','423c5e4d-96ae-4067-ac27-47daddb92761','koli',5.0000,'2026-03-23 14:45:58'),('07deca5b-df70-40b9-921b-daf9c2645112','a8009c0b-4ad6-45f2-8b49-ee2be3300299','koli',6.0000,'2026-03-23 13:46:36'),('085b9e80-a833-45f0-8d2d-b76689acb6ee','0893d07c-b0b9-4a39-8aa2-68046d5d4c32','koli',6.0000,'2026-03-23 14:51:58'),('0c30d8a3-ac14-4723-b9ac-183d6a63b86f','b10d9fd5-221c-4668-bbb5-57035b644ebd','koli',5.0000,'2026-03-23 14:15:38'),('1433cef3-464b-4349-b8f8-181ce0d01656','7d03546a-e5ab-4fe0-8a55-a667f2183e86','koli',6.0000,'2026-03-25 07:55:32'),('14e27e15-7aca-46e1-8952-1a1b193da409','92852e9c-7b30-4df1-8c2c-428ce278afa0','koli',6.0000,'2026-04-17 08:53:52'),('19c33e51-b756-463e-948f-e6debdf399ef','737264c8-f7b1-4d56-b782-883874fdce8f','koli',5.0000,'2026-03-23 14:19:33'),('2453b615-1a1b-44fc-b3dd-73dff8a13155','3a004028-c73f-414f-8463-d97c7f0bbb8d','koli',6.0000,'2026-03-23 14:28:44'),('253554a2-d0f0-4e37-95d8-a463272974e3','9808d721-080a-4de3-9ff1-4314cc3561ae','koli',5.0000,'2026-03-23 14:31:45'),('29b05a8a-35d0-41e8-b607-d078e6c56ada','cc25b6a1-6a70-4cef-9b66-af06970bcbd7','koli',6.0000,'2026-03-23 14:51:14'),('2d5eb4c9-0fde-4ae7-b486-fd97878ccae2','763af6b6-816a-41c2-904b-559e137320bb','koli',6.0000,'2026-03-23 14:52:42'),('316f3f27-ac38-43b9-898b-5aacae0b7237','ff89c9a6-33d1-44b4-a09d-90fdeb286571','koli',6.0000,'2026-03-23 13:44:07'),('32fb025a-fca3-4fe0-963e-fc26226e98cb','d9d3f0a6-9b43-44e9-b71a-3051c0441e22','koli',5.0000,'2026-03-23 14:14:54'),('394c36b8-01c5-4347-8c68-104b4c2a88e6','91e66ad2-ebf6-4e46-8c2f-76f129a355ba','koli',5.0000,'2026-03-25 08:35:32'),('40bdd8ce-2e44-4152-a06b-80f067031408','a0fc7ec9-b712-4d1c-b15d-fb3db104d212','koli',6.0000,'2026-03-23 12:51:19'),('44552a5a-b02e-4105-ae30-d075f66b9e24','db0049ee-3ccb-47b4-b677-d71840ac4126','koli',6.0000,'2026-03-23 12:49:14'),('4b143ef2-fa15-484b-829d-3604abb7a9d6','f965ca99-6a38-4738-ab8b-88732283b501','koli',6.0000,'2026-03-23 12:52:34'),('53be799a-aabf-4d35-adc4-c0f164dd68bc','f93ca1cf-90cb-4830-9ffa-5e03e0bee293','koli',9.0000,'2026-04-15 08:26:51'),('558d570f-5cee-4fa8-ac39-e75c2458457e','26d5d3f1-5641-4f70-b596-92fba8eab88a','koli',6.0000,'2026-03-23 14:23:32'),('5869de62-4f55-4c53-8a71-b179c31a52af','87c27a23-8e27-406c-91e4-c58c9a5c9f91','koli',6.0000,'2026-03-23 14:26:06'),('63521aa5-f650-48a7-aca5-733445dea816','fd523366-f18a-4189-aa80-3dbd1814f4be','koli',5.0000,'2026-03-24 08:42:43'),('673c19fe-aa05-4404-9793-5f6829430bf1','a1b60f56-3577-496a-b742-ab12444c4f40','koli',5.0000,'2026-03-23 14:44:32'),('6a17b891-3045-43b1-8b39-65c7619af82a','8d90dbf5-157d-4ae7-b5b0-ac75950abfb6','koli',5.0000,'2026-04-16 15:15:31'),('743c7d2c-fdd3-4dbe-9f0a-cfb7d2c2fd83','28aace65-d2dd-4435-940f-2c691f29f7fe','koli',6.0000,'2026-03-25 07:55:16'),('76543462-51e6-491c-a6e2-5d0f6130709f','a095bb46-704f-4646-8b2f-ead5744e2639','koli',6.0000,'2026-03-23 12:49:05'),('7c044066-e9a2-4f7c-a6ae-77d6d566d417','9b92a323-a55c-4c2d-9733-c0de1b745cd4','koli',5.0000,'2026-03-23 14:30:28'),('80b811d3-8af6-4711-ae38-5063a8621e78','3e68362d-fb11-4d01-8c74-5cd763ee43cc','koli',6.0000,'2026-03-23 13:31:02'),('8565d101-87bb-4832-b513-513a811e18a8','8a5cc87c-b040-4823-b553-e6f9fe41aa72','koli',6.0000,'2026-03-23 13:00:26'),('8587923c-a945-4e59-bb1f-095aacbd672f','3284f49e-9045-41cf-a865-520320b134ee','koli',6.0000,'2026-03-23 13:03:40'),('89fdcf83-6fa5-475d-932f-efb32440846e','c7507a7d-69b0-40c0-a91f-f1ebd574388f','koli',6.0000,'2026-03-23 13:28:41'),('92301a0f-19b7-4a31-937f-c71b1d1903ef','6265e984-db67-4e83-b507-8ac20e274c6f','koli',5.0000,'2026-03-24 08:43:25'),('93fc2d11-6f34-4f7c-9c5a-4a8e5e7a11e9','fd36552e-e9c3-49e4-aef5-c4ff38aac1b0','koli',6.0000,'2026-03-23 14:32:59'),('94515956-b1c8-4600-b064-0ba8cc102ceb','77a79c69-80f5-4361-a269-e2a26e1f5dcd','koli',6.0000,'2026-03-23 13:09:06'),('9e9221eb-de15-4c6e-8325-03861874e161','10fbe124-f620-4a22-9810-f41b8067caa2','koli',5.0000,'2026-03-23 14:31:10'),('ab1980ba-b630-4394-a81f-7279745e5314','61850db0-84b0-4139-830e-d548bed8b517','koli',6.0000,'2026-03-23 13:00:35'),('b214de4d-9da2-4a7c-b403-783eed6e334b','4f917aa2-3e61-47e5-847e-2c3bd37411a8','koli',5.9999,'2026-03-23 12:48:56'),('b71094b5-92ba-48a4-981e-45058888772a','99ec526a-7ddb-481e-94be-59c06ef56ba6','koli',6.0000,'2026-03-23 13:45:13'),('b944cced-2022-45cd-8d37-7bdb4788c704','75d95e27-f514-48cf-929e-adaafc900066','koli',8.0000,'2026-03-23 13:36:25'),('cd279014-cbdd-42ee-990f-c51401d5bcef','33026213-d333-42ec-a098-ed669ff2dc38','koli',5.0000,'2026-03-25 08:35:09'),('ce76e16d-5ded-4c84-845b-316dc87b8838','8c5814a2-fca7-4aa7-841b-8eb5c016f588','koli',6.0000,'2026-03-23 13:31:45'),('d03ecd9c-359b-42ec-ab58-883fbae94cdd','f7e33ecd-51c6-4051-b449-1a79590b0b9e','koli',6.0000,'2026-03-23 14:26:47'),('d88314f3-6fcc-4e63-95b6-ae6faceb1e82','6d77fcbe-f436-4d8c-aef6-94514552efe2','koli',6.0000,'2026-03-23 13:29:46'),('d92efcf5-8db8-4bf6-9480-2ad016329dd4','657f9cec-bb28-4f71-9349-8a835ea142cd','koli',6.0000,'2026-03-23 12:51:59'),('db1560cc-bcc5-4b6e-ad23-6655e34b8246','3c9860b7-2e92-49e4-9f39-33969c1a29f6','koli',5.0000,'2026-03-23 14:18:47'),('e28c4459-9781-4c93-8a40-8d2ccfabd9c5','1a8c1b17-5c08-4eb6-bc42-6b726429f6bf','koli',6.0000,'2026-03-23 14:24:13'),('e2c81514-6bbb-405a-a6fa-f4c871dcef10','67d20275-bffd-4fa6-b2d0-076bd458de45','koli',6.0000,'2026-03-23 14:28:00'),('e4678307-6dec-4ab5-8b6c-02f168d30edb','2c4e5391-3ae5-4d0d-a840-deccc64e9237','koli',6.0000,'2026-03-23 13:07:13'),('ebaf1fb0-0dad-4874-b4f8-4ee379d47288','2cffe743-ed22-48aa-bce7-7f2fb6d141e6','koli',6.0000,'2026-03-23 13:08:15'),('eea0df65-ef0d-46cc-a78e-61b0809299b6','ad6f801e-d3c0-43fa-8443-d18b7e711c77','koli',5.0000,'2026-03-25 08:34:45'),('f2d05a54-d6ed-46b6-96b8-0333ac6d21e0','cae5357a-056d-4b81-b4df-dc586c01b9ba','koli',6.0000,'2026-03-23 12:59:52'),('f4f49c20-9d17-4dc2-986b-9dd2896117eb','5d3eb8f0-4b4f-44fc-a8c2-cfd8a3e0d4f3','koli',6.0000,'2026-03-23 14:25:10'),('f8bc78a1-852a-4417-8cd8-fb6ad0fd6bb6','6ba5babe-73f8-46ba-92f5-adc541be48af','koli',6.0000,'2026-03-23 14:34:27'),('fc7f6493-12d8-465c-8cf1-bdf98256aa2e','b806382a-3a40-4f4f-a0aa-5b6c2c422284','koli',5.0000,'2026-03-23 14:45:14'),('fe1d2f89-0043-451c-a888-9f92530bc372','2ecb8a49-a6e1-4697-889c-b3835cd010ee','koli',9.0000,'2026-04-09 14:09:25');
INSERT IGNORE INTO `urun_medya` VALUES ('03326c17-ca34-4b99-9191-5f300198f4f8','8d4470c1-e19b-4615-836e-50f2abc8194e','image','https://res.cloudinary.com/dbozv7wqd/image/upload/v1774419419/product-media/PROFESYONEL_Kolisi.jpg',NULL,NULL,1,1,'2026-03-25 06:17:00','2026-03-25 06:17:00'),('0a10126b-b4d9-4b95-99e7-39356bcac20b','2ecb8a49-a6e1-4697-889c-b3835cd010ee','pdf','https://res.cloudinary.com/dbozv7wqd/image/upload/v1775743051/product-media/cari-ekstre.pdf','d90455b5-c892-4efa-8545-562e8baced1e',NULL,6,0,'2026-04-09 14:09:20','2026-04-09 14:09:20'),('51771bf1-1923-4f05-a442-7f42b605033e','bb3712fe-78db-4856-b3e5-a3900185cc10','image','https://res.cloudinary.com/dbozv7wqd/image/upload/v1774419920/product-media/Large_Koli.jpg',NULL,NULL,1,1,'2026-03-25 06:25:21','2026-03-25 06:25:21'),('5d3464fc-9d48-4b7e-b3ef-715edfe79b68','f93ca1cf-90cb-4830-9ffa-5e03e0bee293','image','https://res.cloudinary.com/dbozv7wqd/image/upload/v1774424795/product-media/1103_101.jpg.jpg',NULL,NULL,1,1,'2026-03-25 07:46:35','2026-03-25 07:46:35'),('5d38f71e-9419-4256-b066-8140fc7701c9','2ecb8a49-a6e1-4697-889c-b3835cd010ee','image','https://res.cloudinary.com/dbozv7wqd/image/upload/v1774424878/product-media/Ba_ak_yak_n_g_r_n_m.png','0584bb7b-6e94-48c4-a9d4-e8ce9affab67',NULL,5,0,'2026-04-09 14:09:20','2026-04-09 14:09:20'),('62dcd7ad-ce17-4f71-bc55-100e578800aa','0d4f425e-086d-4b30-be32-e9b2c1befa48','image','https://res.cloudinary.com/dbozv7wqd/image/upload/v1774418563/product-media/Promats_Kartela.png',NULL,NULL,1,1,'2026-03-25 06:02:52','2026-03-25 06:02:52'),('6335a3f3-1c62-4cdb-83ca-c841e289e684','2ecb8a49-a6e1-4697-889c-b3835cd010ee','image','https://res.cloudinary.com/dbozv7wqd/image/upload/v1774424872/product-media/Ba_ak_tam_set.png','af8beacc-785b-4208-9a67-1adcb517aee8',NULL,4,0,'2026-04-09 14:09:20','2026-04-09 14:09:20'),('6e8b4d1f-4871-4f43-8f8f-4aa33ece27c7','1bfed6af-8c06-4f12-a2c7-a69ef420b4f0','image','https://res.cloudinary.com/dbozv7wqd/image/upload/v1774420221/product-media/Leader_Modern.jpg',NULL,NULL,1,1,'2026-03-25 06:30:21','2026-03-25 06:30:21'),('721f0af8-e0b1-41a9-bd06-ac446a51180e','5255d6ce-460e-49b8-b74d-1226f6cb1062','image','https://res.cloudinary.com/dbozv7wqd/image/upload/v1774424625/product-media/Eko_Kartela.png',NULL,NULL,1,1,'2026-03-25 07:43:45','2026-03-25 07:43:45'),('799c4448-ff2e-4315-9960-0f547fb57a1e','695d16ad-b8ee-43c0-8cfa-006844060030','image','https://res.cloudinary.com/dbozv7wqd/image/upload/v1774422703/product-media/VECTOR_BASKI_con_2_.jpg',NULL,NULL,1,1,'2026-03-25 07:11:53','2026-03-25 07:11:53'),('8a3f8341-6029-4f9c-b153-6392a452dfb1','2ecb8a49-a6e1-4697-889c-b3835cd010ee','image','https://res.cloudinary.com/dbozv7wqd/image/upload/v1774424870/product-media/Ba_ak_real_ara_i_i.jpg','7a910902-2d87-4980-a9fc-ba364a569a79',NULL,2,0,'2026-04-09 14:09:20','2026-04-09 14:09:20'),('932ff1ac-a748-42b6-98c1-46848b1c75d5','2ecb8a49-a6e1-4697-889c-b3835cd010ee','image','https://res.cloudinary.com/dbozv7wqd/image/upload/v1774424871/product-media/Ba_ak_Siyah.png','6ff276b5-cdd3-4df7-aee9-cb01ca6e4eda',NULL,3,0,'2026-04-09 14:09:20','2026-04-09 14:09:20'),('dcc21fa8-9752-4840-8312-dd83fa4ca014','2ecb8a49-a6e1-4697-889c-b3835cd010ee','image','https://res.cloudinary.com/dbozv7wqd/image/upload/v1774424844/product-media/Ba_ak_tekli.png','5a64437d-8430-46a4-a224-720019727e58',NULL,1,1,'2026-04-09 14:09:20','2026-04-09 14:09:20'),('e1fb76d5-9c58-4863-8586-428e14cdeef8','80af3331-eb49-464f-8100-c6138d0ac448','image','https://res.cloudinary.com/dbozv7wqd/image/upload/v1774422014/product-media/xxl.jpg',NULL,NULL,1,1,'2026-03-25 07:00:15','2026-03-25 07:00:15');
INSERT IGNORE INTO `urun_operasyonlari` VALUES ('02943fd3-98a2-4bf0-8e8e-f3136d5e1e08','31a1bc6c-f39c-466b-8fcb-e0262fbfc792',2,'MAXIMUM SİYAH - PND - Sağ',NULL,60,45.00,0,1,'2026-04-13 16:48:39','2026-04-13 16:48:39'),('04191f31-cadb-4728-ac5a-4fd5d8ccec70','737264c8-f7b1-4d56-b782-883874fdce8f',1,'TUNA GRİ',NULL,60,45.00,0,1,'2026-03-23 14:19:33','2026-03-23 14:19:33'),('04485f1a-1144-4dd9-a204-0572c2bc9e9c','10fbe124-f620-4a22-9810-f41b8067caa2',1,'PROTON GRİ',NULL,60,45.00,0,1,'2026-03-23 14:31:10','2026-03-23 14:31:10'),('0948994a-edb7-4d8b-8706-00f14314d8ab','763af6b6-816a-41c2-904b-559e137320bb',1,'MODERN MAVİ',NULL,60,45.00,0,1,'2026-03-23 14:52:42','2026-03-23 14:52:42'),('0feeba39-bbe1-491f-85f1-fb55984a4e50','4f917aa2-3e61-47e5-847e-2c3bd37411a8',1,'STAR  BEJ',NULL,60,45.00,0,1,'2026-03-23 12:48:56','2026-03-23 12:48:56'),('1ae74522-2872-4d94-bd54-7ec9ccb951f6','db0049ee-3ccb-47b4-b677-d71840ac4126',1,'STAR SİYAH',NULL,60,45.00,0,1,'2026-03-23 12:49:14','2026-03-23 12:49:14'),('1f16f7de-3746-425d-a29e-b275939c95d7','0893d07c-b0b9-4a39-8aa2-68046d5d4c32',1,'MODERN KIRMIZI',NULL,60,45.00,0,1,'2026-03-23 14:51:58','2026-03-23 14:51:58'),('20675218-d799-41cd-a6ee-91c2336edddd','a0fc7ec9-b712-4d1c-b15d-fb3db104d212',1,'STAR PLUS SİYAH',NULL,60,45.00,0,1,'2026-03-23 12:51:19','2026-03-23 12:51:19'),('20fa2e20-f154-4081-abf6-250bfbe8b1a2','d9d3f0a6-9b43-44e9-b71a-3051c0441e22',1,'MAXIMUM GRİ',NULL,60,45.00,0,1,'2026-03-23 14:14:54','2026-03-23 14:14:54'),('24518e87-69a2-42ed-9280-b226d80c6cd2','cc25b6a1-6a70-4cef-9b66-af06970bcbd7',1,'MODERN KARBON',NULL,60,45.00,0,1,'2026-03-23 14:51:14','2026-03-23 14:51:14'),('28bf753a-af90-44b6-bea0-4fe5c3bd8f84','f93ca1cf-90cb-4830-9ffa-5e03e0bee293',1,'BAŞAK SİYAH','d478f6e6-cf4e-4f16-b3fa-b01e8f2a184f',0,60.00,0,1,'2026-04-15 08:26:51','2026-04-15 08:26:51'),('3458bf9c-64a7-4f84-9a4a-a063031599a6','6ba5babe-73f8-46ba-92f5-adc541be48af',1,'PARS BEJ',NULL,60,45.00,0,1,'2026-03-23 14:34:27','2026-03-23 14:34:27'),('39a6e918-c2c8-4ef3-916f-64672c78f50e','28aace65-d2dd-4435-940f-2c691f29f7fe',1,'MODERN GRİ - Sol','d80a5e12-4046-4986-a1c9-69794b109b81',60,40.00,0,1,'2026-03-25 07:55:16','2026-03-25 07:55:16'),('3e32d501-044c-475f-8b4e-3a3f808d9fd6','fd36552e-e9c3-49e4-aef5-c4ff38aac1b0',1,'PARS SİYAH',NULL,60,45.00,0,1,'2026-03-23 14:32:59','2026-03-23 14:32:59'),('3ecea105-d934-4916-9885-77350ea06282','77a79c69-80f5-4361-a269-e2a26e1f5dcd',1,'EKSTRA PLUS BEJ',NULL,60,45.00,0,1,'2026-03-23 13:09:06','2026-03-23 13:09:06'),('3f5c6b94-ee86-49f8-aff4-f1aad8b7216e','be981824-a1bb-43e2-a2cd-ad428b343dd8',1,'PARS GRİ',NULL,60,45.00,0,1,'2026-03-23 14:33:35','2026-03-23 14:33:35'),('418cfb15-4e89-4823-8dd9-e5ecbe2e3f2d','2e952d98-384a-4ee2-9b73-43ada96dc673',1,'SANDERO SİYAH',NULL,0,40.00,0,1,'2026-04-07 07:20:12','2026-04-07 07:20:12'),('44fd9aea-341f-4bc7-bbe7-cfc43e0b0e3f','a342bf84-296b-440e-bd26-00b0a0f93017',1,'OTO PASPAS 4 PARÇA - 00100358',NULL,60,45.00,0,1,'2026-03-23 14:59:22','2026-03-23 14:59:22'),('480b6d98-1104-4b4c-8222-d2f5ca99d836','9ac1a10d-8dd3-4551-9aed-283188c80258',1,'MODERN SILVER',NULL,60,45.00,0,1,'2026-03-23 14:53:27','2026-03-23 14:53:27'),('48ac1510-cc0f-4a1e-8b23-a89032262bf1','6d77fcbe-f436-4d8c-aef6-94514552efe2',1,'EKSTRA PLUS KIRMIZI',NULL,60,45.00,0,1,'2026-03-23 13:29:46','2026-03-23 13:29:46'),('4cd15a78-c534-4b93-aa10-9ca12180b061','9b92a323-a55c-4c2d-9733-c0de1b745cd4',1,'PROTON SİYAH',NULL,60,45.00,0,1,'2026-03-23 14:30:28','2026-03-23 14:30:28'),('4e3d7513-3950-4913-82fd-31f828de32a6','33026213-d333-42ec-a098-ed669ff2dc38',1,'VECTOR GRİ - Sol','21fba37e-8d14-4031-9cf9-be60c1ad6a85',60,45.00,0,1,'2026-03-25 08:35:09','2026-03-25 08:35:09'),('4f49ac4c-1986-427d-abae-ffd606aba553','1a8c1b17-5c08-4eb6-bc42-6b726429f6bf',1,'ORBİTAL GRİ',NULL,60,45.00,0,1,'2026-03-23 14:24:13','2026-03-23 14:24:13'),('5091c858-0eba-4032-8ab7-de1b82e23edc','ad6f801e-d3c0-43fa-8443-d18b7e711c77',2,'VECTOR BEJ - Sağ','b0c012e3-5198-4a1c-9a87-fdc9bf47c764',60,45.00,0,1,'2026-03-25 08:34:45','2026-03-25 08:34:45'),('55a1f025-b513-4136-97c4-a77ebf47e4e4','b806382a-3a40-4f4f-a0aa-5b6c2c422284',1,'ICON GRİ',NULL,60,45.00,0,1,'2026-03-23 14:45:14','2026-03-23 14:45:14'),('692ceee2-b69c-42a9-aee5-e504db246ab9','31a1bc6c-f39c-466b-8fcb-e0262fbfc792',1,'MAXIMUM SİYAH - PND - Sol',NULL,60,45.00,0,1,'2026-04-13 16:48:39','2026-04-13 16:48:39'),('6a09b2d1-e8b8-496c-84c3-8bc0339cc1ee','3e68362d-fb11-4d01-8c74-5cd763ee43cc',1,'EKSTRA PLUS MAVİ',NULL,60,45.00,0,1,'2026-03-23 13:31:02','2026-03-23 13:31:02'),('6d67bf58-8e08-46bf-85fd-7900382053ce','26d5d3f1-5641-4f70-b596-92fba8eab88a',1,'ORBİTAL SİYAH',NULL,60,45.00,0,1,'2026-03-23 14:23:32','2026-03-23 14:23:32'),('7306c007-6d7e-4b0c-b895-d513a721d004','92852e9c-7b30-4df1-8c2c-428ce278afa0',1,'MODERN SİYAH - Sol','d80a5e12-4046-4986-a1c9-69794b109b81',60,40.00,0,1,'2026-04-17 08:53:52','2026-04-17 08:53:52'),('7682fd4a-fcc8-478e-8c33-3e9059d1fef5','67d20275-bffd-4fa6-b2d0-076bd458de45',1,'ORBITAL MAVİ',NULL,60,45.00,0,1,'2026-03-23 14:28:00','2026-03-23 14:28:00'),('79a2c792-6908-423b-a82a-037cd9c861a9','2ecb8a49-a6e1-4697-889c-b3835cd010ee',1,'BAŞAK PLUS SİYAH',NULL,60,45.00,0,1,'2026-04-09 14:09:25','2026-04-09 14:09:25'),('7c6db37d-7fce-4883-a3e1-fd44a913dc9d','f965ca99-6a38-4738-ab8b-88732283b501',1,'STAR  PLUS BEJ',NULL,60,45.00,0,1,'2026-03-23 12:52:34','2026-03-23 12:52:34'),('7d7bc138-a5fe-4597-9aca-0366d5e5a74b','585ed6c1-fcf0-4fba-a1a6-75ca984ee571',1,'MEGANE SİYAH',NULL,60,45.00,0,1,'2026-03-23 14:58:27','2026-03-23 14:58:27'),('80275736-8fa5-4814-b6be-a80cd392af5a','7d03546a-e5ab-4fe0-8a55-a667f2183e86',2,'MODERN BEJ - Sağ','4edf94ed-cec8-4792-ad53-706c501b2064',60,40.00,0,1,'2026-03-25 07:55:32','2026-03-25 07:55:32'),('81226d22-155b-4f34-ac02-816d0df40c58','b3fac496-82e6-4d89-b058-cddac8b02a89',1,'TUNA BEJ',NULL,60,45.00,0,1,'2026-03-23 14:20:26','2026-03-23 14:20:26'),('8135e033-e1d9-460f-bbc4-2d479a93037c','423c5e4d-96ae-4067-ac27-47daddb92761',1,'ICON BEJ',NULL,60,45.00,0,1,'2026-03-23 14:45:58','2026-03-23 14:45:58'),('85760f4c-a9fe-4cfb-babb-ac01d58ea751','91e66ad2-ebf6-4e46-8c2f-76f129a355ba',1,'VECTOR SİYAH - Sol','21fba37e-8d14-4031-9cf9-be60c1ad6a85',60,45.00,0,1,'2026-03-25 08:35:32','2026-03-25 08:35:32'),('87e9d781-9820-425e-a7d1-e246f783901b','c00dfad8-2ecc-4de4-b8f9-211294a112d6',1,'CLIO İLE UYUMLU OTO PASPAS',NULL,60,45.00,0,1,'2026-03-23 14:56:15','2026-03-23 14:56:15'),('88263335-bd25-43e8-a6d5-89900559a171','6265e984-db67-4e83-b507-8ac20e274c6f',1,'MAXIMUM GRİ - PND',NULL,60,45.00,0,1,'2026-03-24 08:43:25','2026-03-24 08:43:25'),('8e6c8ec4-22cd-4bbb-97ac-e12340222005','b7a1ac4a-ac88-4ad5-8aee-bc0cab95afa7',1,'DUSTER FULL HYBRID',NULL,60,45.00,0,1,'2026-03-23 14:57:35','2026-03-23 14:57:35'),('94336e00-4f65-479f-9744-d1ab83a142a5','2c4e5391-3ae5-4d0d-a840-deccc64e9237',1,'EKSTRA PLUS SİYAH',NULL,60,45.00,0,1,'2026-03-23 13:07:13','2026-03-23 13:07:13'),('a2c129e2-b177-4263-a54b-4e4cbed6fc6e','91e66ad2-ebf6-4e46-8c2f-76f129a355ba',2,'VECTOR SİYAH - Sağ','b0c012e3-5198-4a1c-9a87-fdc9bf47c764',60,45.00,0,1,'2026-03-25 08:35:32','2026-03-25 08:35:32'),('a2f8bd28-5fd2-45b2-8343-5569cdc852f9','7d03546a-e5ab-4fe0-8a55-a667f2183e86',1,'MODERN BEJ - Sol','d80a5e12-4046-4986-a1c9-69794b109b81',60,40.00,0,1,'2026-03-25 07:55:32','2026-03-25 07:55:32'),('a4051544-f23b-46d7-8cd1-884b16cb9a5b','ff89c9a6-33d1-44b4-a09d-90fdeb286571',1,'PROFESYONEL SİYAH',NULL,60,45.00,0,1,'2026-03-23 13:44:07','2026-03-23 13:44:07'),('a4a11e10-e172-4f09-8afa-0f5eda10557f','8d90dbf5-157d-4ae7-b5b0-ac75950abfb6',2,'MAXIMUM SİYAH - Sağ','e4bf8492-a2d8-43e7-9502-25ba609f9647',0,40.00,0,1,'2026-04-16 15:15:31','2026-04-16 15:15:31'),('a8842a15-bc42-4fb8-bc52-d8453588acce','ad6f801e-d3c0-43fa-8443-d18b7e711c77',1,'VECTOR BEJ - Sol','21fba37e-8d14-4031-9cf9-be60c1ad6a85',60,45.00,0,1,'2026-03-25 08:34:45','2026-03-25 08:34:45'),('a9dd151a-3955-49fa-beb1-53874d321492','3a004028-c73f-414f-8463-d97c7f0bbb8d',1,'ORBITAL SILVER',NULL,60,45.00,0,1,'2026-03-23 14:28:44','2026-03-23 14:28:44'),('aabf5a18-930b-4242-b766-501a6015bee3','9808d721-080a-4de3-9ff1-4314cc3561ae',1,'PROTON BEJ',NULL,60,45.00,0,1,'2026-03-23 14:31:45','2026-03-23 14:31:45'),('ac8dc6d5-d6bb-47d7-90f6-c21fbf61479b','3284f49e-9045-41cf-a865-520320b134ee',1,'GOODYEAR SİYAH',NULL,60,45.00,0,1,'2026-03-23 13:03:40','2026-03-23 13:03:40'),('ae489a11-90ac-4089-9dba-9acf3e4699e8','f7e33ecd-51c6-4051-b449-1a79590b0b9e',1,'ORBITAL KIRMIZI',NULL,60,45.00,0,1,'2026-03-23 14:26:47','2026-03-23 14:26:47'),('b1da6c92-cda1-4ade-b156-16f60c564947','92852e9c-7b30-4df1-8c2c-428ce278afa0',2,'MODERN SİYAH - Sağ','4edf94ed-cec8-4792-ad53-706c501b2064',60,40.00,0,1,'2026-04-17 08:53:52','2026-04-17 08:53:52'),('ba184aaa-7df7-4ff9-ba02-af1fcdc55a88','8a5cc87c-b040-4823-b553-e6f9fe41aa72',1,'STAR PLUS GRİ - BSG BSG 99-993-034',NULL,60,45.00,0,1,'2026-03-23 13:00:26','2026-03-23 13:00:26'),('c37aaa57-fb0f-40f7-a470-90567a2abd81','8c5814a2-fca7-4aa7-841b-8eb5c016f588',1,'EKSTRA PLUS SILVER',NULL,60,45.00,0,1,'2026-03-23 13:31:45','2026-03-23 13:31:45'),('c5f7d23e-41ff-4b37-ae66-a6ae2df325d9','99ec526a-7ddb-481e-94be-59c06ef56ba6',1,'PROFESYONEL GRİ',NULL,60,45.00,0,1,'2026-03-23 13:45:13','2026-03-23 13:45:13'),('c913ee55-8395-4c91-a1b4-beef10673cd8','a095bb46-704f-4646-8b2f-ead5744e2639',1,'STAR  GRİ',NULL,60,45.00,0,1,'2026-03-23 12:49:05','2026-03-23 12:49:05'),('cde33e46-6c17-438a-96f4-f3056b4c11e2','33026213-d333-42ec-a098-ed669ff2dc38',2,'VECTOR GRİ - Sağ','b0c012e3-5198-4a1c-9a87-fdc9bf47c764',60,45.00,0,1,'2026-03-25 08:35:09','2026-03-25 08:35:09'),('ce22bdcc-5d22-447e-8ef0-fbdb8b082ee8','61850db0-84b0-4139-830e-d548bed8b517',1,'STAR PLUS SİYAH - BSG',NULL,60,45.00,0,1,'2026-03-23 13:00:35','2026-03-23 13:00:35'),('cf2a5c74-5b71-4bc0-9bf1-9e0e288e5c57','87c27a23-8e27-406c-91e4-c58c9a5c9f91',1,'ORBITAL KARBON',NULL,60,45.00,0,1,'2026-03-23 14:26:06','2026-03-23 14:26:06'),('d1ae5193-d4fb-4fb0-b56d-3635cd2a48d8','b10d9fd5-221c-4668-bbb5-57035b644ebd',1,'MAXIMUM BEJ',NULL,60,45.00,0,1,'2026-03-23 14:15:38','2026-03-23 14:15:38'),('d3e90434-caf4-442d-adc4-aa56582462bb','8d90dbf5-157d-4ae7-b5b0-ac75950abfb6',1,'MAXIMUM SİYAH - Sol','8c4aaf6a-5585-4401-ad10-3ec6ee52e408',0,40.00,0,1,'2026-04-16 15:15:31','2026-04-16 15:15:31'),('d5d0a273-bfaf-42b9-9fd8-2a7921b3cfcb','657f9cec-bb28-4f71-9349-8a835ea142cd',1,'STAR  PLUS GRİ',NULL,60,45.00,0,1,'2026-03-23 12:51:59','2026-03-23 12:51:59'),('db320653-63ed-4bb0-8c4c-ac06c68efad5','2cffe743-ed22-48aa-bce7-7f2fb6d141e6',1,'EKSTRA PLUS GRİ',NULL,60,45.00,0,1,'2026-03-23 13:08:15','2026-03-23 13:08:15'),('e4110a7b-be1f-4df7-bbb6-9a6686a71b52','5d3eb8f0-4b4f-44fc-a8c2-cfd8a3e0d4f3',1,'ORBİTAL BEJ',NULL,60,45.00,0,1,'2026-03-23 14:25:10','2026-03-23 14:25:10'),('e8d50b80-b2f4-4a05-b9a4-a6849b377cb9','c7507a7d-69b0-40c0-a91f-f1ebd574388f',1,'EKSTRA PLUS KARBON',NULL,60,45.00,0,1,'2026-03-23 13:28:41','2026-03-23 13:28:41'),('edf99515-6dfb-47c4-8853-d3a898b56b04','fd523366-f18a-4189-aa80-3dbd1814f4be',1,'MAXIMUM BEJ - PND',NULL,60,45.00,0,1,'2026-03-24 08:42:43','2026-03-24 08:42:43'),('f0210979-4c64-4e01-a358-bd816d418a94','a1b60f56-3577-496a-b742-ab12444c4f40',1,'ICON SİYAH',NULL,60,45.00,0,1,'2026-03-23 14:44:32','2026-03-23 14:44:32'),('f05d3381-e8f6-4d75-8c4d-cff8dc3ea2c7','fc83963f-c9f0-4242-bcd2-d2c06e3e43b9',1,'DUSTER MILD HYBRID İLE UYUMLU OTO PASPAS',NULL,60,45.00,0,1,'2026-03-23 14:56:26','2026-03-23 14:56:26'),('f0795c07-cf6b-45f6-9fe3-1804d326da66','3c9860b7-2e92-49e4-9f39-33969c1a29f6',1,'TUNA SİYAH',NULL,60,45.00,0,1,'2026-03-23 14:18:47','2026-03-23 14:18:47'),('f179f13f-df0a-4a26-b090-cacddfc9381d','cae5357a-056d-4b81-b4df-dc586c01b9ba',1,'STAR PLUS BEJ - BSG BSG 99-993-033',NULL,60,45.00,0,1,'2026-03-23 12:59:52','2026-03-23 12:59:52'),('f5077d2b-76c1-4e4f-a739-cb55c68e45b1','28aace65-d2dd-4435-940f-2c691f29f7fe',2,'MODERN GRİ - Sağ','4edf94ed-cec8-4792-ad53-706c501b2064',60,40.00,0,1,'2026-03-25 07:55:16','2026-03-25 07:55:16'),('f70b3c95-5b28-47ed-9b05-ea629d8ba43f','75d95e27-f514-48cf-929e-adaafc900066',1,'BADEM SİYAH',NULL,60,45.00,0,1,'2026-03-23 13:36:25','2026-03-23 13:36:25'),('fb54f318-1d98-48eb-ab35-5927c8f1ad9d','a8009c0b-4ad6-45f2-8b49-ee2be3300299',1,'PROFESYONEL BEJ',NULL,60,45.00,0,1,'2026-03-23 13:46:36','2026-03-23 13:46:36');
INSERT IGNORE INTO `urunler` VALUES ('0893d07c-b0b9-4a39-8aa2-68046d5d4c32','urun','uretim','Paspas','1134 105','MODERN KIRMIZI',NULL,'takim',NULL,NULL,NULL,NULL,0.0000,0.0000,0.0000,625.00,20.00,'tek_tarafli',1,'2026-03-23 14:51:58','2026-03-23 14:51:58'),('0d4f425e-086d-4b30-be32-e9b2c1befa48','yarimamul','satin_alma',NULL,'2901 022','Promats Quality Mat Kartela',NULL,'adet',NULL,'https://res.cloudinary.com/dbozv7wqd/image/upload/v1774418563/product-media/Promats_Kartela.png',NULL,NULL,0.0000,0.0000,0.0000,5.00,20.00,NULL,1,'2026-03-24 17:59:01','2026-03-25 06:26:27'),('10fbe124-f620-4a22-9810-f41b8067caa2','urun','uretim','Paspas','1117 102','PROTON GRİ',NULL,'takim',NULL,NULL,NULL,NULL,0.0000,0.0000,0.0000,700.00,20.00,'tek_tarafli',1,'2026-03-23 14:31:10','2026-03-23 14:31:10'),('1a8c1b17-5c08-4eb6-bc42-6b726429f6bf','urun','uretim','Paspas','1116 202','ORBİTAL GRİ',NULL,'takim',NULL,NULL,NULL,NULL,0.0000,0.0000,0.0000,600.00,20.00,'tek_tarafli',1,'2026-03-23 14:24:13','2026-03-23 14:24:13'),('1bfed6af-8c06-4f12-a2c7-a69ef420b4f0','yarimamul','satin_alma',NULL,'2901 049','Leader Modern Kartela',NULL,'adet',NULL,'https://res.cloudinary.com/dbozv7wqd/image/upload/v1774420221/product-media/Leader_Modern.jpg',NULL,NULL,-140.0000,0.0000,0.0000,5.00,20.00,NULL,1,'2026-03-25 06:28:07','2026-04-17 08:54:58'),('26d5d3f1-5641-4f70-b596-92fba8eab88a','urun','uretim','Paspas','1116 201','ORBİTAL SİYAH',NULL,'takim',NULL,NULL,NULL,NULL,0.0000,0.0000,0.0000,520.00,20.00,'tek_tarafli',1,'2026-03-23 14:23:32','2026-03-23 14:23:32'),('28aace65-d2dd-4435-940f-2c691f29f7fe','urun','uretim','Paspas','1134 102','MODERN GRİ',NULL,'takim',NULL,NULL,NULL,NULL,0.0000,0.0000,0.0000,650.00,20.00,'cift_tarafli',1,'2026-03-23 14:48:36','2026-03-25 07:52:43'),('2c4e5391-3ae5-4d0d-a840-deccc64e9237','urun','uretim','Paspas','1102 201','EKSTRA PLUS SİYAH',NULL,'takim',NULL,NULL,NULL,NULL,0.0000,0.0000,0.0000,520.00,20.00,'tek_tarafli',1,'2026-03-23 13:07:13','2026-03-23 13:07:13'),('2cffe743-ed22-48aa-bce7-7f2fb6d141e6','urun','uretim','Paspas','1102 202','EKSTRA PLUS GRİ',NULL,'takim',NULL,NULL,NULL,NULL,0.0000,0.0000,0.0000,600.00,20.00,'tek_tarafli',1,'2026-03-23 13:08:15','2026-03-23 13:08:15'),('2e952d98-384a-4ee2-9b73-43ada96dc673','urun','uretim','Paspas','1139 101','SANDERO SİYAH',NULL,'takim',NULL,NULL,NULL,NULL,0.0000,0.0000,0.0000,NULL,20.00,'tek_tarafli',1,'2026-03-23 14:57:26','2026-04-15 07:01:08'),('2ecb8a49-a6e1-4697-889c-b3835cd010ee','urun','uretim','Paspas','1103 201','BAŞAK PLUS SİYAH',NULL,'takim',NULL,'https://res.cloudinary.com/dbozv7wqd/image/upload/v1774424844/product-media/Ba_ak_tekli.png',NULL,NULL,0.0000,0.0000,0.0000,400.00,20.00,'tek_tarafli',1,'2026-03-23 13:35:03','2026-03-25 07:47:25'),('31a1bc6c-f39c-466b-8fcb-e0262fbfc792','urun','uretim','Paspas','1112 104','MAXIMUM SİYAH - PND',NULL,'takim',NULL,NULL,NULL,NULL,0.0000,0.0000,0.0000,600.00,20.00,'cift_tarafli',1,'2026-03-24 07:24:14','2026-04-15 07:01:10'),('3284f49e-9045-41cf-a865-520320b134ee','urun','uretim','Paspas','1101 209','GOODYEAR SİYAH',NULL,'takim',NULL,NULL,NULL,NULL,0.0000,0.0000,0.0000,515.00,20.00,'tek_tarafli',1,'2026-03-23 13:03:40','2026-03-23 13:03:40'),('33026213-d333-42ec-a098-ed669ff2dc38','urun','uretim','Paspas','1119 102','VECTOR GRİ',NULL,'takim',NULL,NULL,NULL,NULL,0.0000,0.0000,0.0000,650.00,20.00,'cift_tarafli',1,'2026-03-23 14:42:37','2026-03-25 08:33:37'),('3a004028-c73f-414f-8463-d97c7f0bbb8d','urun','uretim','Paspas','1116 214','ORBITAL SILVER',NULL,'takim',NULL,NULL,NULL,NULL,0.0000,0.0000,0.0000,625.00,20.00,'tek_tarafli',1,'2026-03-23 14:28:44','2026-03-23 14:28:44'),('3c9860b7-2e92-49e4-9f39-33969c1a29f6','urun','uretim','Paspas','1114 101','TUNA SİYAH',NULL,'takim',NULL,NULL,NULL,NULL,0.0000,0.0000,0.0000,525.00,20.00,'tek_tarafli',1,'2026-03-23 14:18:47','2026-03-23 14:18:47'),('3e68362d-fb11-4d01-8c74-5cd763ee43cc','urun','uretim','Paspas','1102 213','EKSTRA PLUS MAVİ',NULL,'takim',NULL,NULL,NULL,NULL,0.0000,0.0000,0.0000,575.00,20.00,'tek_tarafli',1,'2026-03-23 13:31:02','2026-03-23 13:31:02'),('423c5e4d-96ae-4067-ac27-47daddb92761','urun','uretim','Paspas','1120 103','ICON BEJ',NULL,'takim',NULL,NULL,NULL,NULL,0.0000,0.0000,0.0000,950.00,20.00,'tek_tarafli',1,'2026-03-23 14:45:58','2026-03-23 14:45:58'),('4f917aa2-3e61-47e5-847e-2c3bd37411a8','urun','uretim','Paspas','1101 103','STAR  BEJ',NULL,'takim',NULL,NULL,NULL,NULL,0.0000,0.0000,0.0000,700.00,20.00,'tek_tarafli',1,'2026-03-23 12:48:56','2026-03-23 12:48:56'),('5255d6ce-460e-49b8-b74d-1226f6cb1062','yarimamul','satin_alma','Kartela','2901 024','Promats Eko Kartela',NULL,'adet',NULL,'https://res.cloudinary.com/dbozv7wqd/image/upload/v1774424625/product-media/Eko_Kartela.png',NULL,NULL,-1072.0000,0.0000,0.0000,4.00,20.00,NULL,1,'2026-03-25 07:43:27','2026-04-16 18:47:02'),('585ed6c1-fcf0-4fba-a1a6-75ca984ee571','urun','uretim','Paspas','1131 101','MEGANE SİYAH',NULL,'takim',NULL,NULL,NULL,NULL,0.0000,0.0000,0.0000,NULL,20.00,'tek_tarafli',1,'2026-03-23 14:58:27','2026-03-23 14:58:27'),('5bccc38b-958d-42ad-bad8-963d6d4814ed','hammadde','satin_alma',NULL,'HM-0001','RTYRTY',NULL,'kg',NULL,NULL,NULL,NULL,0.0000,0.0000,0.0000,NULL,20.00,NULL,1,'2026-03-31 14:54:35','2026-03-31 14:54:35'),('5d3eb8f0-4b4f-44fc-a8c2-cfd8a3e0d4f3','urun','uretim','Paspas','1116 203','ORBİTAL BEJ',NULL,'takim',NULL,NULL,NULL,NULL,0.0000,0.0000,0.0000,700.00,20.00,'tek_tarafli',1,'2026-03-23 14:25:10','2026-03-23 14:25:10'),('61850db0-84b0-4139-830e-d548bed8b517','urun','uretim','Paspas','1101 206','STAR PLUS SİYAH - BSG',NULL,'takim','BSG 99-993-001',NULL,NULL,NULL,0.0000,0.0000,0.0000,388.00,20.00,'tek_tarafli',1,'2026-03-23 12:55:00','2026-03-23 12:55:31'),('6265e984-db67-4e83-b507-8ac20e274c6f','urun','uretim','Paspas','1112 106','MAXIMUM GRİ - PND',NULL,'takim',NULL,NULL,NULL,NULL,0.0000,0.0000,0.0000,700.00,20.00,'tek_tarafli',1,'2026-03-24 08:43:25','2026-03-24 08:43:25'),('657f9cec-bb28-4f71-9349-8a835ea142cd','urun','uretim','Paspas','1101 202','STAR  PLUS GRİ',NULL,'takim',NULL,NULL,NULL,NULL,0.0000,0.0000,0.0000,600.00,20.00,'tek_tarafli',1,'2026-03-23 12:51:59','2026-03-23 12:51:59'),('67d20275-bffd-4fa6-b2d0-076bd458de45','urun','uretim','Paspas','1116 213','ORBITAL MAVİ',NULL,'takim',NULL,NULL,NULL,NULL,0.0000,0.0000,0.0000,625.00,20.00,'tek_tarafli',1,'2026-03-23 14:28:00','2026-03-23 14:28:00'),('695d16ad-b8ee-43c0-8cfa-006844060030','yarimamul','satin_alma','İç Kutu','2801 061','Gmax Vector İç Kutu',NULL,'adet','714 x 528 x 47 Özel Kesim','https://res.cloudinary.com/dbozv7wqd/image/upload/v1774422703/product-media/VECTOR_BASKI_con_2_.jpg',NULL,NULL,250.0000,0.0000,0.0000,25.80,20.00,NULL,1,'2026-03-25 06:40:16','2026-04-15 08:23:20'),('6ba5babe-73f8-46ba-92f5-adc541be48af','urun','uretim','Paspas','1118 103','PARS BEJ',NULL,'takim',NULL,NULL,NULL,NULL,0.0000,0.0000,0.0000,775.00,20.00,'tek_tarafli',1,'2026-03-23 14:34:27','2026-03-23 14:34:27'),('6c6c5871-5b33-4682-994e-4400c098a925','yarimamul','satin_alma','İç Kutu','YM-1234','Maximum İç Kutu - Promats',NULL,'Adet',NULL,NULL,NULL,NULL,-3200.0000,0.0000,0.0000,NULL,20.00,NULL,1,'2026-04-11 16:06:14','2026-04-16 18:37:18'),('6d77fcbe-f436-4d8c-aef6-94514552efe2','urun','uretim','Paspas','1102 212','EKSTRA PLUS KIRMIZI',NULL,'takim',NULL,NULL,NULL,NULL,0.0000,0.0000,0.0000,575.00,20.00,'tek_tarafli',1,'2026-03-23 13:29:46','2026-03-23 13:29:46'),('723661d6-d63e-4227-8b5a-1d1c084c7370','yarimamul','satin_alma','İç Kutu','YM-0001','Maximum İç Kutu - PND',NULL,'adet',NULL,NULL,NULL,NULL,1140.0000,0.0000,0.0000,25.80,20.00,NULL,1,'2026-04-07 07:13:24','2026-04-10 09:11:23'),('737264c8-f7b1-4d56-b782-883874fdce8f','urun','uretim','Paspas','1114 102','TUNA GRİ',NULL,'takim',NULL,NULL,NULL,NULL,0.0000,0.0000,0.0000,670.00,20.00,'tek_tarafli',1,'2026-03-23 14:19:33','2026-03-23 14:19:33'),('75d95e27-f514-48cf-929e-adaafc900066','urun','uretim','Paspas','1104 101','BADEM SİYAH',NULL,'takim',NULL,NULL,NULL,NULL,0.0000,0.0000,0.0000,350.00,20.00,'tek_tarafli',1,'2026-03-23 13:36:25','2026-03-23 13:36:25'),('763af6b6-816a-41c2-904b-559e137320bb','urun','uretim','Paspas','1134 106','MODERN MAVİ',NULL,'takim',NULL,NULL,NULL,NULL,0.0000,0.0000,0.0000,625.00,20.00,'tek_tarafli',1,'2026-03-23 14:52:42','2026-03-23 14:52:42'),('77a79c69-80f5-4361-a269-e2a26e1f5dcd','urun','uretim','Paspas','1102 203','EKSTRA PLUS BEJ',NULL,'takim',NULL,NULL,NULL,NULL,0.0000,0.0000,0.0000,700.00,20.00,'tek_tarafli',1,'2026-03-23 13:09:06','2026-03-23 13:09:06'),('7d03546a-e5ab-4fe0-8a55-a667f2183e86','urun','uretim','Paspas','1134 103','MODERN BEJ',NULL,'takim',NULL,NULL,NULL,NULL,0.0000,0.0000,0.0000,750.00,20.00,'cift_tarafli',1,'2026-03-23 14:49:16','2026-03-25 07:53:33'),('80af3331-eb49-464f-8100-c6138d0ac448','yarimamul','satin_alma','Koli','2801 035','XX Large Paspas Kolisi',NULL,'adet','760 x 545 x 270','https://res.cloudinary.com/dbozv7wqd/image/upload/v1774422014/product-media/xxl.jpg',NULL,NULL,-1090.0000,0.0000,0.0000,65.70,20.00,NULL,1,'2026-03-25 06:58:01','2026-04-16 18:37:18'),('87c27a23-8e27-406c-91e4-c58c9a5c9f91','urun','uretim','Paspas','1116 211','ORBITAL KARBON',NULL,'takim',NULL,NULL,NULL,NULL,0.0000,0.0000,0.0000,625.00,20.00,'tek_tarafli',1,'2026-03-23 14:26:06','2026-03-23 14:26:06'),('8a5cc87c-b040-4823-b553-e6f9fe41aa72','urun','uretim','Paspas','1101 207','STAR PLUS GRİ - BSG',NULL,'takim','BSG 99-993-034',NULL,NULL,NULL,0.0000,0.0000,0.0000,446.00,20.00,'tek_tarafli',1,'2026-03-23 12:56:36','2026-03-23 13:00:26'),('8c5814a2-fca7-4aa7-841b-8eb5c016f588','urun','uretim','Paspas','1102 214','EKSTRA PLUS SILVER',NULL,'takim',NULL,NULL,NULL,NULL,0.0000,0.0000,0.0000,575.00,20.00,'tek_tarafli',1,'2026-03-23 13:31:45','2026-03-23 13:31:45'),('8d4470c1-e19b-4615-836e-50f2abc8194e','yarimamul','satin_alma','Koli','2801 039','Medium Paspas Kolisi',NULL,'adet','Koli Ölçüsü: 770x535x140','https://res.cloudinary.com/dbozv7wqd/image/upload/v1774419419/product-media/PROFESYONEL_Kolisi.jpg',NULL,NULL,974.0000,0.0000,0.0000,61.95,20.00,NULL,1,'2026-03-25 06:15:23','2026-04-17 08:54:58'),('8d90dbf5-157d-4ae7-b5b0-ac75950abfb6','urun','uretim','Paspas','1112 101','MAXIMUM SİYAH',NULL,'takim',NULL,NULL,NULL,NULL,1200.0000,0.0000,0.0000,600.00,20.00,'cift_tarafli',1,'2026-03-23 14:14:09','2026-04-16 15:15:31'),('91e66ad2-ebf6-4e46-8c2f-76f129a355ba','urun','uretim','Paspas','1119 101','VECTOR SİYAH',NULL,'takim',NULL,NULL,NULL,NULL,1000.0000,0.0000,0.0000,525.00,20.00,'cift_tarafli',1,'2026-03-23 14:41:16','2026-04-15 08:23:20'),('92852e9c-7b30-4df1-8c2c-428ce278afa0','urun','uretim','Paspas','1134 101','MODERN SİYAH',NULL,'takim',NULL,NULL,NULL,NULL,0.0000,0.0000,0.0000,540.00,20.00,'cift_tarafli',1,'2026-03-23 14:47:53','2026-03-25 07:51:26'),('9808d721-080a-4de3-9ff1-4314cc3561ae','urun','uretim','Paspas','1117 103','PROTON BEJ',NULL,'takim',NULL,NULL,NULL,NULL,0.0000,0.0000,0.0000,800.00,20.00,'tek_tarafli',1,'2026-03-23 14:31:45','2026-03-23 14:31:45'),('99ec526a-7ddb-481e-94be-59c06ef56ba6','urun','uretim','Paspas','1110 102','PROFESYONEL GRİ',NULL,'takim',NULL,NULL,NULL,NULL,0.0000,0.0000,0.0000,670.00,20.00,'tek_tarafli',1,'2026-03-23 13:45:13','2026-03-23 13:45:13'),('9ac1a10d-8dd3-4551-9aed-283188c80258','urun','uretim','Paspas','1134 107','MODERN SILVER',NULL,'takim',NULL,NULL,NULL,NULL,0.0000,0.0000,0.0000,625.00,20.00,'tek_tarafli',1,'2026-03-23 14:53:27','2026-03-23 14:53:27'),('9b92a323-a55c-4c2d-9733-c0de1b745cd4','urun','uretim','Paspas','1117 101','PROTON SİYAH',NULL,'takim',NULL,NULL,NULL,NULL,0.0000,0.0000,0.0000,600.00,20.00,'tek_tarafli',1,'2026-03-23 14:30:28','2026-03-23 14:30:28'),('a095bb46-704f-4646-8b2f-ead5744e2639','urun','uretim','Paspas','1101 102','STAR  GRİ',NULL,'takim',NULL,NULL,NULL,NULL,0.0000,0.0000,0.0000,600.00,20.00,'tek_tarafli',1,'2026-03-23 12:47:53','2026-03-23 12:49:05'),('a0fc7ec9-b712-4d1c-b15d-fb3db104d212','urun','uretim','Paspas','1101 201','STAR PLUS SİYAH',NULL,'takim',NULL,NULL,NULL,NULL,0.0000,0.0000,0.0000,510.00,20.00,'tek_tarafli',1,'2026-03-23 12:51:19','2026-03-23 12:51:19'),('a1b60f56-3577-496a-b742-ab12444c4f40','urun','uretim','Paspas','1120 101','ICON SİYAH',NULL,'takim',NULL,NULL,NULL,NULL,0.0000,0.0000,0.0000,770.00,20.00,'tek_tarafli',1,'2026-03-23 14:44:32','2026-03-23 14:44:32'),('a342bf84-296b-440e-bd26-00b0a0f93017','urun','uretim','Paspas','1198 102','OTO PASPAS 4 PARÇA - 00100358',NULL,'takim',NULL,NULL,NULL,NULL,0.0000,0.0000,0.0000,NULL,20.00,'tek_tarafli',1,'2026-03-23 14:59:22','2026-03-23 14:59:22'),('a8009c0b-4ad6-45f2-8b49-ee2be3300299','urun','uretim','Paspas','1110 103','PROFESYONEL BEJ',NULL,'takim',NULL,NULL,NULL,NULL,0.0000,0.0000,0.0000,775.00,20.00,'tek_tarafli',1,'2026-03-23 13:46:36','2026-03-23 13:46:36'),('ad6f801e-d3c0-43fa-8443-d18b7e711c77','urun','uretim','Paspas','1119 103','VECTOR BEJ',NULL,'takim',NULL,NULL,NULL,NULL,0.0000,0.0000,0.0000,700.00,20.00,'cift_tarafli',1,'2026-03-23 14:43:24','2026-03-25 08:34:36'),('b10d9fd5-221c-4668-bbb5-57035b644ebd','urun','uretim','Paspas','1112 103','MAXIMUM BEJ',NULL,'takim',NULL,NULL,NULL,NULL,0.0000,0.0000,0.0000,800.00,20.00,'tek_tarafli',1,'2026-03-23 14:15:38','2026-03-23 14:15:38'),('b3fac496-82e6-4d89-b058-cddac8b02a89','urun','uretim','Paspas','1114 103','TUNA BEJ',NULL,'takim',NULL,NULL,NULL,NULL,0.0000,0.0000,0.0000,775.00,20.00,'tek_tarafli',1,'2026-03-23 14:20:26','2026-03-23 14:20:26'),('b7a1ac4a-ac88-4ad5-8aee-bc0cab95afa7','urun','uretim','Paspas','1138 101','DUSTER FULL HYBRID SİYAH',NULL,'takim',NULL,NULL,NULL,NULL,0.0000,0.0000,0.0000,NULL,20.00,'tek_tarafli',1,'2026-03-23 14:56:52','2026-03-23 14:57:35'),('b806382a-3a40-4f4f-a0aa-5b6c2c422284','urun','uretim','Paspas','1120 102','ICON GRİ',NULL,'takim',NULL,NULL,NULL,NULL,0.0000,0.0000,0.0000,850.00,20.00,'tek_tarafli',1,'2026-03-23 14:45:14','2026-03-23 14:45:14'),('bb3712fe-78db-4856-b3e5-a3900185cc10','yarimamul','satin_alma','Koli','2801 037','Large Paspas Kolisi',NULL,'adet','Koli Ölçüsü: 750x515x170','https://res.cloudinary.com/dbozv7wqd/image/upload/v1774419920/product-media/Large_Koli.jpg',NULL,NULL,-730.7500,0.0000,0.0000,56.95,20.00,NULL,1,'2026-03-25 06:24:45','2026-04-16 18:47:02'),('be981824-a1bb-43e2-a2cd-ad428b343dd8','urun','uretim','Paspas','1118 102','PARS GRİ',NULL,'takim',NULL,NULL,NULL,NULL,0.0000,0.0000,0.0000,670.00,20.00,'tek_tarafli',1,'2026-03-23 14:33:35','2026-03-23 14:33:35'),('c00dfad8-2ecc-4de4-b8f9-211294a112d6','urun','uretim','Paspas','1136 101','CLIO SİYAH',NULL,'takim',NULL,NULL,NULL,NULL,0.0000,0.0000,0.0000,NULL,20.00,'tek_tarafli',1,'2026-03-23 14:54:53','2026-04-15 07:01:07'),('c7507a7d-69b0-40c0-a91f-f1ebd574388f','urun','uretim','Paspas','1102 211','EKSTRA PLUS KARBON',NULL,'takim',NULL,NULL,NULL,NULL,0.0000,0.0000,0.0000,575.00,20.00,'tek_tarafli',1,'2026-03-23 13:28:41','2026-03-23 13:28:41'),('cae5357a-056d-4b81-b4df-dc586c01b9ba','urun','uretim','Paspas','1101 208','STAR PLUS BEJ - BSG',NULL,'takim','BSG 99-993-033',NULL,NULL,NULL,0.0000,0.0000,0.0000,478.00,20.00,'tek_tarafli',1,'2026-03-23 12:59:20','2026-03-23 12:59:52'),('cc25b6a1-6a70-4cef-9b66-af06970bcbd7','urun','uretim','Paspas','1134 104','MODERN KARBON',NULL,'takim',NULL,NULL,NULL,NULL,0.0000,0.0000,0.0000,625.00,20.00,'tek_tarafli',1,'2026-03-23 14:51:14','2026-03-23 14:51:14'),('d9d3f0a6-9b43-44e9-b71a-3051c0441e22','urun','uretim','Paspas','1112 102','MAXIMUM GRİ',NULL,'takim',NULL,NULL,NULL,NULL,0.0000,0.0000,0.0000,700.00,20.00,'tek_tarafli',1,'2026-03-23 14:14:54','2026-03-23 14:14:54'),('db0049ee-3ccb-47b4-b677-d71840ac4126','urun','uretim','Paspas','1101 101','STAR SİYAH',NULL,'takim',NULL,NULL,NULL,NULL,0.0000,0.0000,0.0000,510.00,20.00,'tek_tarafli',1,'2026-03-23 12:46:56','2026-03-23 12:49:14'),('f7e33ecd-51c6-4051-b449-1a79590b0b9e','urun','uretim','Paspas','1116 212','ORBITAL KIRMIZI',NULL,'takim',NULL,NULL,NULL,NULL,0.0000,0.0000,0.0000,625.00,20.00,'tek_tarafli',1,'2026-03-23 14:26:47','2026-03-23 14:26:47'),('f93ca1cf-90cb-4830-9ffa-5e03e0bee293','urun','uretim','Paspas','1103 101','BAŞAK SİYAH',NULL,'takim',NULL,'https://res.cloudinary.com/dbozv7wqd/image/upload/v1774424795/product-media/1103_101.jpg.jpg',NULL,NULL,2500.0000,0.0000,0.0000,400.00,20.00,'tek_tarafli',1,'2026-03-23 13:34:05','2026-04-16 18:47:02'),('f965ca99-6a38-4738-ab8b-88732283b501','urun','uretim','Paspas','1101 203','STAR  PLUS BEJ',NULL,'takim',NULL,NULL,NULL,NULL,0.0000,0.0000,0.0000,700.00,20.00,'tek_tarafli',1,'2026-03-23 12:52:34','2026-03-23 12:52:34'),('fc83963f-c9f0-4242-bcd2-d2c06e3e43b9','urun','uretim','Paspas','1137 101','DUSTER MILD HYBRID SİYAH',NULL,'takim',NULL,NULL,NULL,NULL,0.0000,0.0000,0.0000,NULL,20.00,'tek_tarafli',1,'2026-03-23 14:55:50','2026-03-23 14:56:26'),('fd36552e-e9c3-49e4-aef5-c4ff38aac1b0','urun','uretim','Paspas','1118 101','PARS SİYAH',NULL,'takim',NULL,NULL,NULL,NULL,0.0000,0.0000,0.0000,560.00,20.00,'tek_tarafli',1,'2026-03-23 14:32:59','2026-03-23 14:32:59'),('fd523366-f18a-4189-aa80-3dbd1814f4be','urun','uretim','Paspas','1112 105','MAXIMUM BEJ - PND',NULL,'takim',NULL,NULL,NULL,NULL,0.0000,0.0000,0.0000,800.00,20.00,'tek_tarafli',1,'2026-03-24 08:42:43','2026-03-24 08:42:43'),('ff89c9a6-33d1-44b4-a09d-90fdeb286571','urun','uretim','Paspas','1110 101','PROFESYONEL SİYAH',NULL,'takim',NULL,NULL,NULL,NULL,0.0000,0.0000,0.0000,560.00,20.00,'tek_tarafli',1,'2026-03-23 13:44:07','2026-03-23 13:44:07');

SET FOREIGN_KEY_CHECKS = 1;
